{"cameraMode":{"drawMode":0,"name":"Shaded","section":"Shading Mode"},"sceneLighting":true,"audioPlay":false,"sceneViewState":{"showFog":true,"showMaterialUpdate":false,"showSkybox":true,"showFlares":true,"showImageEffects":true,"showParticleSystems":true},"in2DMode":false,"pivot":{"x":-7.015519618988037,"y":0.6745778322219849,"z":-7.02220344543457},"rotation":{"x":0.39979511499404909,"y":0.30393484234809878,"z":-0.14247076213359834,"w":0.8529674410820007},"size":5.4438910484313969,"orthographic":false}