{"cameraMode":{"drawMode":0,"name":"Shaded","section":"Shading Mode"},"sceneLighting":true,"audioPlay":false,"sceneViewState":{"showFog":true,"showMaterialUpdate":false,"showSkybox":true,"showFlares":true,"showImageEffects":true,"showParticleSystems":true},"in2DMode":false,"pivot":{"x":-26.67186164855957,"y":-94.23027038574219,"z":-156.47186279296876},"rotation":{"x":-0.015691950917243959,"y":0.9576900601387024,"z":-0.2824624478816986,"w":-0.053223781287670138},"size":206.474365234375,"orthographic":false}