{"cameraMode":{"drawMode":0,"name":"Shaded","section":"Shading Mode"},"sceneLighting":true,"audioPlay":false,"sceneViewState":{"showFog":true,"showMaterialUpdate":false,"showSkybox":true,"showFlares":true,"showImageEffects":true,"showParticleSystems":true},"in2DMode":false,"pivot":{"x":-9.114175796508789,"y":2.07025146484375,"z":-17.62015151977539},"rotation":{"x":0.46558552980422976,"y":0.4565815329551697,"z":-0.30659088492393496,"w":0.6934185028076172},"size":35.89673614501953,"orthographic":false}